星球名,位置,速度,半径,质量
太阳,[0. 0. 0.],[0. 0. 0.],695700000.0,1.9885e+30
水星,[ 6.83422896e+09 -6.82810285e+10 -6.20701660e+09],[38700.33632407  7350.85217007 -2948.7148326 ],2439700.0,3.3011e+23
金星,[ 1.08475885e+11 -3.30683307e+09 -6.30431712e+09],[  914.24317723 34844.75616272   426.02048147],6051800.0,4.8675e+24
地球,[ 1.47203406e+11  2.70658053e+10 -2.80938600e+06],[-5.85861187e+03  2.91889526e+04 -9.00224206e-01],6371000.0,5.9722e+24
火星,[1.30105633e+10 2.33257474e+11 4.56920188e+09],[-23273.83295035   3407.09425088    642.07756239],3389500.0,6.4171e+23
木星,[-5.24750986e+11  5.95879915e+11  9.26531347e+09],[-9966.7273038  -8032.13333844   256.34298656],69911000.0,1.8982e+27
土星,[ 1.38453964e+12  2.66747360e+11 -5.97585622e+10],[-2361.8880307   9460.67933596   -70.86189927],58232000.0,5.6834e+26
天王星,[ 1.33443483e+12  2.58406352e+12 -7.70549191e+09],[-6111.22868589  2803.26745629    89.56030524],25362000.0,8.681e+25
海王星,[ 4.46355992e+12  2.07882460e+11 -1.07142372e+11],[-298.23626551 5456.57199301 -106.19170533],24622000.0,1.0241e+26
冥王星,[ 2.98780922e+12 -4.39321012e+12 -3.94029149e+11],[ 4654.83652893  1841.38171792 -1559.88781809],1188300.0,1.303e+22
月球,[1.47100207e+11 2.74210204e+10 1.97727867e+07],[-6875.84675507 28911.32047178   -70.16727461],1737400.0,7.346e+22
冥卫一,[ 2.98780177e+12 -4.39322483e+12 -3.94039739e+11],[ 4514.53665635  1792.6407703  -1393.44360384],606000.0,1.586e+21
